date,business
2017-10-05,3.2364273838085835
2017-10-06,4.096874376344028
2017-10-07,3.509309507794047
2017-10-08,1.301070981528452
2017-10-09,4.342804900503469
2017-10-10,2.997384059145239
2017-10-11,2.363121914707644
2017-10-12,2.605936208258844
2017-10-13,3.290478877233242
2017-10-14,3.912083214514135
2017-10-15,1.9457846315926866
2017-10-16,1.585641177068853
2017-10-17,1.887244381930672
2017-10-18,1.734190591531587
2017-10-19,2.8271695682931144
2017-10-20,2.9704822051159203
2017-10-21,1.995683782620811
2017-10-22,1.9633086086936926
2017-10-23,2.6025484401765273
2017-10-24,3.1517071094904625
2017-10-25,4.9334395330393725
2017-10-26,1.650543213756232
2017-10-27,1.7671798835925987
2017-10-28,5.211832520861793
2017-10-29,0.8844692762147595
2017-10-30,5.103992048568569
2017-10-31,1.5226670316566762
2017-11-01,4.043228347679372
2017-11-02,3.160100277734905
2017-11-03,4.272016525116196
2017-11-04,4.148844410577523
2017-11-05,0.737543129662987
2017-11-06,3.13256927758685
2017-11-07,4.357585588861551
2017-11-08,6.288271604176298
2017-11-09,4.903620467342191
2017-11-10,3.9685150431528275
2017-11-11,5.104531736130193
2017-11-12,1.8528064249946876
2017-11-13,5.038266848758214
2017-11-14,3.071742004324242
2017-11-15,2.8138954937217555
2017-11-16,1.0953428039882787
2017-11-17,2.18937733990388
2017-11-18,4.785890804320939
2017-11-19,1.2746957893745547
2017-11-20,2.718158223692169
2017-11-21,1.561194756751727
2017-11-22,3.4051475273823777
2017-11-23,2.1119276291548155
2017-11-24,3.1543917464937707
2017-11-25,5.691686465614062
2017-11-26,1.3036972300280014
2017-11-27,3.164065520970231
2017-11-28,1.7613020004006181
2017-11-29,2.1840471471612077
2017-11-30,1.1069778067145675
2017-12-01,1.9291454963199532
2017-12-02,3.5895085154268145
2017-12-03,1.6398162659163613
2017-12-04,3.190369536451452
2017-12-05,2.217916267316258
2017-12-06,2.8166326172282243
2017-12-07,1.182499446799207
2017-12-08,3.9561166936121683
2017-12-09,5.4123626250725465
2017-12-10,1.3625278788579858
2017-12-11,3.1556811210472397
2017-12-12,2.2692777420068095
2017-12-13,1.7405637456213268
2017-12-14,2.8563570261356626
2017-12-15,3.335300147318616
2017-12-16,3.5075154933181047
2017-12-17,1.0564505446811943
2017-12-18,1.2216889495981813
2017-12-19,2.0030040392182324
2017-12-20,1.2161004257748453
2017-12-21,1.295401079292401
2017-12-22,4.270051856293966
2017-12-23,4.247631828594892
2017-12-24,0.8958761015306892
2017-12-25,1.1511992798928807
2017-12-26,1.654858930823069
2017-12-27,1.4333220719529962
2017-12-28,1.468711762041098
2017-12-29,2.0085592324157076
2017-12-30,2.968993987091233
2017-12-31,1.9561296414844027
2018-01-01,1.383393377908896
2018-01-02,3.150759851773243
2018-01-03,2.4160044623255086
2018-01-04,2.2776553078355795
2018-01-05,3.4318994325211856
2018-01-06,3.0023377570882497
2018-01-07,2.1740392595030036
2018-01-08,4.338295946384532
2018-01-09,2.8290896618495576
2018-01-10,1.3331196982462425
2018-01-11,2.0504905379742415
2018-01-12,1.7970671619234335
2018-01-13,2.9577322041383516
2018-01-14,1.6086193741071149
2018-01-15,3.108975223456602
2018-01-16,3.204654801464011
2018-01-17,2.680249188818888
2018-01-18,3.5011566792801614
2018-01-19,2.5346641146385727
2018-01-20,3.5956160690510166
2018-01-21,2.101048688671853
2018-01-22,1.8446332574540545
2018-01-23,3.564494416823577
2018-01-24,2.502211607455311
2018-01-25,1.912289589465386
2018-01-26,1.9397131328459152
2018-01-27,3.219610404647613
2018-01-28,1.322248310406156
2018-01-29,2.5755607277733925
2018-01-30,0.9835237496337688
2018-01-31,3.012052794727727
2018-02-01,3.709278517415946
2018-02-02,2.0258815291781462
2018-02-03,3.7984691166270976
2018-02-04,0.48634606796844254
2018-02-05,4.340137861164141
2018-02-06,1.5212164281849756
2018-02-07,1.6665739574598868
2018-02-08,2.9224315532589684
2018-02-09,3.915270388908015
2018-02-10,4.8252938963096295
2018-02-11,2.0094300835122136
2018-02-12,4.88842992787932
2018-02-13,4.298414111077342
2018-02-14,2.58920427360491
2018-02-15,2.2821764847813473
2018-02-16,3.3082793691035186
2018-02-17,3.972993520692606
2018-02-18,1.1090972927738307
2018-02-19,2.311928921426966
2018-02-20,1.2780604070252806
2018-02-21,0.9935448985404027
2018-02-22,1.782295054563328
2018-02-23,2.297174868284167
2018-02-24,5.779918739863484
2018-02-25,1.1119453981143512
2018-02-26,4.136362989072593
2018-02-27,2.0527488819656163
2018-02-28,2.3598602108288476
2018-03-01,3.037836563036631
2018-03-02,3.6556497261558714
2018-03-03,3.455551275590265
2018-03-04,1.3305205708974448
2018-03-05,4.323364988955944
2018-03-06,2.4215842593851926
2018-03-07,1.6385136504458468
2018-03-08,2.669974609134519
2018-03-09,2.0686608895441085
2018-03-10,5.454521631436284
2018-03-11,0.7276906964713614
2018-03-12,3.434041364556885
2018-03-13,2.204022046049679
2018-03-14,2.4241953872022903
2018-03-15,2.9409235822949733
2018-03-16,2.9253390673202353
2018-03-17,4.217316695054603
2018-03-18,1.3323136910145639
2018-03-19,3.9928880744717783
2018-03-20,2.2740719968214718
2018-03-21,2.4886137370248287
2018-03-22,1.942872107892751
2018-03-23,2.352061669018655
2018-03-24,3.410988853781124
2018-03-25,1.2048922245010103
2018-03-26,2.514711890047253
2018-03-27,1.659399323769559
2018-03-28,1.0231059732570917
2018-03-29,0.313367474025281
2018-03-30,-0.016325825187923415
2018-03-31,0.18387287354544335
2018-04-01,0.4449802114670642
2018-04-02,3.255522003657067
2018-04-03,1.4673047952040768
2018-04-04,2.277071036959798
2018-04-05,3.0122418493873293
2018-04-06,1.585314134278663
2018-04-07,3.42390320022798
2018-04-08,0.9537829367057031
2018-04-09,0.9306521198542801
2018-04-10,2.933558161459644
2018-04-11,2.7711467949298934
2018-04-12,1.4197367998374435
2018-04-13,2.8994482007288362
2018-04-14,5.115081845589592
2018-04-15,0.9116855677525425
2018-04-16,2.7678830026109895
2018-04-17,2.074347484346889
2018-04-18,3.2078497770082373
2018-04-19,2.380125594701025
2018-04-20,2.4992901124419746
2018-04-21,4.869318143519441
2018-04-22,1.604183515104842
2018-04-23,1.6555449824129524
2018-04-24,1.215505197347602
2018-04-25,1.6763595823691662
2018-04-26,2.960731404904804
2018-04-27,4.172639868004174
2018-04-28,3.6583816807213276
2018-04-29,1.4129968456212723
2018-04-30,3.1066866916914337
2018-05-01,0.6544561451023658
2018-05-02,2.2261244951135493
2018-05-03,1.684536709160943
2018-05-04,2.0748922602157993
2018-05-05,3.6834111646384975
2018-05-06,2.197560693292852
2018-05-07,2.776390235166371
2018-05-08,1.7739001649967256
2018-05-09,2.9180025302664605
2018-05-10,2.3385375917569897
2018-05-11,2.5611958638742496
2018-05-12,5.093667844443231
2018-05-13,0.8944486478788625
2018-05-14,2.536614157375393
2018-05-15,3.661932544116782
2018-05-16,3.358165427209247
2018-05-17,2.451307914767806
2018-05-18,1.5841184089030649
2018-05-19,4.784978677748223
2018-05-20,1.017944230488874
2018-05-21,2.846511036451663
2018-05-22,2.399191036265876
2018-05-23,1.9597195284513484
2018-05-24,0.5646054116812106
2018-05-25,1.6310971279351216
2018-05-26,3.0287641242363663
2018-05-27,0.5689157047735685
2018-05-28,4.7020013937163325
2018-05-29,1.4372455578046257
2018-05-30,1.7757429084805991
2018-05-31,2.6787710606024593
2018-06-01,3.1560745696256975
2018-06-02,3.488383034251739
2018-06-03,1.1638441437555487
2018-06-04,2.394278134075916
2018-06-05,1.7140638603997418
2018-06-06,1.8124820518481157
2018-06-07,2.393208878100741
2018-06-08,1.460747841201351
2018-06-09,3.7715399487628987
2018-06-10,2.880246244597148
2018-06-11,2.5399832225279275
2018-06-12,0.8904055176577876
2018-06-13,2.2599873625682614
2018-06-14,2.067184092553211
2018-06-15,2.576712066529429
2018-06-16,4.534267846308443
2018-06-17,0.29642675149542136
2018-06-18,1.5176622744302524
2018-06-19,0.8724140898786837
2018-06-20,2.0396939844905315
2018-06-21,2.0134787152611207
2018-06-22,2.024097373387474
2018-06-23,4.018247697272588
2018-06-24,1.8630758793151456
2018-06-25,1.0811834136321852
2018-06-26,2.2915350151277214
2018-06-27,0.9243422723733864
2018-06-28,2.340989539023012
2018-06-29,2.3677545129460196
2018-06-30,3.7242152223444664
2018-07-01,1.692783774368038
2018-07-02,1.979119543275254
2018-07-03,1.6747075319325542
2018-07-04,1.6835934862045119
2018-07-05,1.5182893420771575
2018-07-06,1.2024526095148114
2018-07-07,3.0617960685004215
2018-07-08,1.549974173110283
2018-07-09,1.784444277850099
2018-07-10,1.088025294283336
2018-07-11,1.8643944972635953
2018-07-12,1.6041262081426355
2018-07-13,2.550215259774552
2018-07-14,4.839001431913183
2018-07-15,1.5342122174297708
2018-07-16,1.935058108784869
2018-07-17,1.1220900611439322
2018-07-18,1.8151398438898276
2018-07-19,0.9728071421873915
2018-07-20,1.4970169343603288
2018-07-21,3.2396292541189178
2018-07-22,1.290918883286236
2018-07-23,3.3549481392391014
2018-07-24,0.9657365003793117
2018-07-25,3.715449372267824
2018-07-26,1.49792483285872
2018-07-27,1.423983883226724
2018-07-28,5.4842306953299085
2018-07-29,1.2857433822285187
2018-07-30,2.6494112071292
2018-07-31,2.067638893926489
2018-08-01,1.1130562571863007
2018-08-02,0.5801712262533858
2018-08-03,2.023750974776759
2018-08-04,2.0852674248181002
2018-08-05,2.388140902325604
2018-08-06,3.5792172927733965
2018-08-07,2.1248457729597696
2018-08-08,1.7437856776632443
2018-08-09,1.7173039905613934
2018-08-10,2.389125474841625
2018-08-11,3.1306663186072057
2018-08-12,1.1619948916523732
2018-08-13,2.708695369669612
2018-08-14,1.2163460552862537
2018-08-15,1.609393986290738
2018-08-16,1.4932122782388872
2018-08-17,3.1834163007535863
2018-08-18,3.837951640939012
2018-08-19,0.8316505722545317
2018-08-20,1.9214215945294049
2018-08-21,1.491641755639523
2018-08-22,0.3527714413073504
2018-08-23,2.4711345563838822
2018-08-24,1.7859050474647804
2018-08-25,2.6611069001037233
2018-08-26,1.2253426572653425
2018-08-27,2.6155005104317475
2018-08-28,1.7898657936944624
2018-08-29,1.9501199515132026
2018-08-30,1.5773616017686867
2018-08-31,2.457361877460916
2018-09-01,3.2528111719398707
2018-09-02,0.8080311181991275
2018-09-03,2.461543666509185
2018-09-04,0.09438143106012506
2018-09-05,3.0527794932857706
2018-09-06,2.7699365225126935
2018-09-07,2.7036816748709667
2018-09-08,3.716815638440062
2018-09-09,1.9588539414900057
2018-09-10,2.9144958242902166
2018-09-11,1.7848532529740468
2018-09-12,2.109019279781855
2018-09-13,0.8778136663930312
2018-09-14,2.2671083154826177
2018-09-15,2.572128330201281
2018-09-16,0.8803677286825995
2018-09-17,2.8885046797462546
2018-09-18,2.020186955399643
2018-09-19,1.5546412315455154
2018-09-20,0.5936047059149179
2018-09-21,2.432362540190169
2018-09-22,3.07371629699737
2018-09-23,1.7728855421083258
2018-09-24,3.8572550960530467
2018-09-25,0.6560964246943591
2018-09-26,2.6729900064273497
2018-09-27,2.6993820755827524
2018-09-28,3.70973718161775
2018-09-29,5.053222983241855
2018-09-30,0.5644445036132648
2018-10-01,1.6936135960098964
2018-10-02,2.2973102702138326
2018-10-03,1.7500729041963654
2018-10-04,3.037625721302214
2018-10-05,1.7342165142044548
2018-10-06,5.117074802532338
2018-10-07,0.9678713262078527
2018-10-08,2.1717445810121245
2018-10-09,2.0000383412354257
2018-10-10,1.8551522688430444
2018-10-11,0.40935436571636546
2018-10-12,2.036423382238381
2018-10-13,3.4633568676238675
2018-10-14,0.49200540805272236
2018-10-15,2.0252495846904517
2018-10-16,2.1790131635749903
2018-10-17,1.7294319245406007
2018-10-18,1.2799038228197146
2018-10-19,2.784926873464415
2018-10-20,6.031494465367651
2018-10-21,1.4526343272342606
2018-10-22,3.2214628636239313
2018-10-23,2.3954772145717866
2018-10-24,1.3458020181997385
2018-10-25,0.6737575196823538
2018-10-26,2.4626685569833695
2018-10-27,4.552315441450219
2018-10-28,0.7324970031853104
2018-10-29,2.8554329795648794
2018-10-30,2.0887171629806223
2018-10-31,2.5955067887094176
2018-11-01,0.4321147231953766
2018-11-02,2.1550513901830617
2018-11-03,3.7025367291590303
2018-11-04,0.6863272790465177
2018-11-05,2.102693526867823
2018-11-06,1.9966475116803033
2018-11-07,1.1189278904937532
2018-11-08,1.7250839777246019
2018-11-09,3.018966654729119
2018-11-10,4.850970606084781
2018-11-11,1.3709360675704587
2018-11-12,2.8970452101526725
2018-11-13,2.3925918452693318
2018-11-14,1.5170667924487167
2018-11-15,3.1128892444578438
2018-11-16,2.423553700915268
2018-11-17,3.726214170235623
2018-11-18,0.5635623466671055
2018-11-19,3.2550529997820337
2018-11-20,1.0343570596347282
2018-11-21,2.9602558284096756
2018-11-22,2.0979928638805787
2018-11-23,2.655583801242916
2018-11-24,4.203369203483284
2018-11-25,1.5803604303497474
2018-11-26,3.1713982593849486
2018-11-27,2.562310869123046
2018-11-28,2.0124705670724077
2018-11-29,2.0051419598525935
2018-11-30,2.0695819188848565
2018-12-01,3.4996293040322914
2018-12-02,1.0946606662979248
2018-12-03,3.3441033893330476
2018-12-04,2.627302070506891
2018-12-05,0.008019017692631622
2018-12-06,0.9358936293073868
2018-12-07,2.655486590305518
2018-12-08,6.9394338721694435
2018-12-09,1.6107008630875894
2018-12-10,2.17125820097277
2018-12-11,1.1488083387970038
2018-12-12,1.492644528690955
2018-12-13,2.6884588035801813
2018-12-14,3.313852561578972
2018-12-15,4.329214132857584
2018-12-16,0.8526351276338677
2018-12-17,3.0759737359586348
2018-12-18,1.9292104020009195
2018-12-19,3.3558770993585365
2018-12-20,1.693440944570263
2018-12-21,1.3162689236822347
2018-12-22,3.367794869336006
2018-12-23,0.8742468154665026
2018-12-24,2.358901841119436
2018-12-25,0.19686532048918734
2018-12-26,1.3004320924046044
2018-12-27,1.3625290798124567
2018-12-28,2.636815671375778
2018-12-29,2.2564664622853603
2018-12-30,0.7416154976294291
2018-12-31,1.9133075212154476
2019-01-01,0.21163219124742932
2019-01-02,1.8086272601519477
2019-01-03,0.6546140053103813
2019-01-04,2.506232902865648
2019-01-05,2.265262052440353
2019-01-06,0.32828306335065577
2019-01-07,3.629223520723777
2019-01-08,1.6563214327167142
2019-01-09,1.2870729426133884
2019-01-10,1.9559350113931013
2019-01-11,1.04750174803631
2019-01-12,2.529584145841239
2019-01-13,1.3408419260088333
2019-01-14,2.4255366537266174
2019-01-15,1.1017957687810491
2019-01-16,2.018777289341716
2019-01-17,1.931127410534409
2019-01-18,1.9481483440076761
2019-01-19,3.750844630432568
2019-01-20,1.2311254528531477
2019-01-21,2.1299466748880875
2019-01-22,0.4914550293431978
2019-01-23,0.7110654154267625
2019-01-24,0.8502134048722659
2019-01-25,2.2601968786285775
2019-01-26,2.595669823904978
2019-01-27,0.6371065262766386
2019-01-28,2.6279990929459203
2019-01-29,1.399829703601165
2019-01-30,0.4740815953770989
2019-01-31,3.148140778623571
2019-02-01,1.0064656252924549
2019-02-02,3.5916810290347803
2019-02-03,0.8514795250689127
2019-02-04,3.3459929526527725
2019-02-05,0.5375711325783268
2019-02-06,1.0286942907223795
2019-02-07,2.903885192548316
2019-02-08,3.3719205501264606
2019-02-09,3.4043349615743925
2019-02-10,0.5243850605087967
2019-02-11,2.174507994454442
2019-02-12,1.2626972485913288
2019-02-13,2.8079204120572423
2019-02-14,1.3191611837005668
2019-02-15,2.9901143772814374
2019-02-16,3.5776339311396175
2019-02-17,0.8918532340059141
2019-02-18,3.523744021207723
2019-02-19,1.9418317049640486
2019-02-20,2.7597626313315713
2019-02-21,1.260466072540695
2019-02-22,2.4470413468241214
2019-02-23,7.421969204228459
2019-02-24,1.816009317472751
2019-02-25,2.1658128085450508
2019-02-26,1.1198553009605772
2019-02-27,2.558072835989165
2019-02-28,2.3936765463468395
2019-03-01,3.2776602927539455
2019-03-02,4.00313442426379
2019-03-03,0.46377076696278885
2019-03-04,4.638976967754294
2019-03-05,1.0109253465140158
2019-03-06,2.4106760038813833
2019-03-07,2.708146814427332
2019-03-08,1.9136093744942988
2019-03-09,3.2000505395670675
2019-03-10,1.66435815651613
2019-03-11,1.2687447842568846
2019-03-12,1.1192735020353781
2019-03-13,0.7578074079877389
2019-03-14,2.3745811352907915
2019-03-15,3.3886020605774534
2019-03-16,6.763064142829243
2019-03-17,0.4850653527485777
2019-03-18,1.3835581941123956
2019-03-19,1.6524463728963863
2019-03-20,2.824247656331231
2019-03-21,1.2779241021829182
2019-03-22,1.8767906275484942
2019-03-23,4.63325781808965
2019-03-24,0.5096439733524359
2019-03-25,4.106408531981624
2019-03-26,1.8994111050196478
2019-03-27,0.8717101546913353
2019-03-28,1.1116751991038978
2019-03-29,3.703214044537578
2019-03-30,5.425126809861786
2019-03-31,1.2553005347542872
2019-04-01,2.2013460959310107
2019-04-02,1.9060854028005032
2019-04-03,3.309683822267122
2019-04-04,2.2135094564191076
2019-04-05,2.6879434566388305
2019-04-06,4.62974783508413
2019-04-07,0.9760687214546451
2019-04-08,1.6291405954253064
2019-04-09,1.3196975925083243
2019-04-10,2.6261507655521728
2019-04-11,1.3696213423414698
2019-04-12,3.583677605968474
2019-04-13,5.331284593665055
2019-04-14,0.8899482639548246
2019-04-15,2.364525498239101
2019-04-16,1.8040155987792812
2019-04-17,1.4055678167214156
2019-04-18,2.2080571501890196
2019-04-19,0.7861932863451662
2019-04-20,0.1460942285959572
2019-04-21,0.8794131496511233
2019-04-22,2.5837710652922934
2019-04-23,1.8941945031989897
2019-04-24,1.4637217673171559
2019-04-25,1.172792968579847
2019-04-26,2.1368147469946517
2019-04-27,2.4110004843448336
2019-04-28,0.6645533870762972
2019-04-29,2.7859569828875053
2019-04-30,1.7890072183290888
2019-05-01,2.2452263066017886
2019-05-02,2.610528612524712
2019-05-03,4.344010061796854
2019-05-04,4.782046518292243
2019-05-05,1.8442319308894621
2019-05-06,2.7218538993838313
2019-05-07,2.4642931518638025
2019-05-08,2.272414483258679
2019-05-09,1.362580434557446
2019-05-10,3.630147717418025
2019-05-11,3.4044649406786514
2019-05-12,0.5135851021467606
2019-05-13,1.3331435807757388
2019-05-14,3.4238095218504143
2019-05-15,2.8874309009462364
2019-05-16,3.1187349957341195
2019-05-17,3.240580644058352
2019-05-18,4.25039275498506
2019-05-19,0.7939928082610187
2019-05-20,2.4524610117397185
2019-05-21,1.8730292993862008
2019-05-22,1.9829215590574714
2019-05-23,1.3654164946965608
2019-05-24,1.4726058111151907
2019-05-25,3.6901788557181567
2019-05-26,0.799994525996352
2019-05-27,4.318971366881022
2019-05-28,3.1839723323959848
2019-05-29,1.194652224519644
2019-05-30,2.9038013856787
2019-05-31,2.9636035856390084
2019-06-01,6.082539299045327
2019-06-02,0.8077643901744248
2019-06-03,3.337602299887601
2019-06-04,2.127932966242922
2019-06-05,0.6011566982266642
2019-06-06,1.06605669008116
2019-06-07,3.2367459758475796
2019-06-08,5.161169732217714
2019-06-09,0.63230664373061
2019-06-10,4.032342132630323
2019-06-11,1.6887309596277118
2019-06-12,2.4383022206603355
2019-06-13,1.5596113319010896
2019-06-14,2.1368905190389844
2019-06-15,4.2210241736195275
2019-06-16,1.776581772315664
2019-06-17,1.7665068203291108
2019-06-18,2.1276313827420408
2019-06-19,2.2297767212539266
2019-06-20,2.542928444637163
2019-06-21,2.7379068173830703
2019-06-22,5.432704523698522
2019-06-23,0.674441548412021
2019-06-24,3.2831657688018234
2019-06-25,1.2275220744282433
2019-06-26,2.0255412388980596
2019-06-27,1.6488592908133717
2019-06-28,1.3341252544607798
2019-06-29,5.081823710494633
2019-06-30,0.9675961753444682
2019-07-01,4.173361094533031
2019-07-02,3.050621146702267
2019-07-03,2.459325044191303
2019-07-04,1.4519743569019825
2019-07-05,1.9647845235814037
2019-07-06,5.33327597508741
2019-07-07,0.9419340508816738
2019-07-08,3.2691175833969157
2019-07-09,2.788375014114365
2019-07-10,1.7370799710135114
2019-07-11,2.80864444053343
2019-07-12,3.1759391686616993
2019-07-13,4.901494981671263
2019-07-14,1.1858545865026136
2019-07-15,2.1647852108044177
2019-07-16,1.2487434567903166
2019-07-17,1.72863663810176
2019-07-18,2.7166668131487928
2019-07-19,2.458199616270739
2019-07-20,4.585096569753235
2019-07-21,0.7955594162373147
2019-07-22,3.6114607454283765
2019-07-23,2.1275917231502346
2019-07-24,2.1243375530072788
2019-07-25,2.430541084033549
2019-07-26,4.2866610947638835
2019-07-27,4.087374558805057
2019-07-28,0.5011922115707996
2019-07-29,2.6893694378500785
2019-07-30,3.579550801927472
2019-07-31,1.1562573292879539
2019-08-01,2.817508822889883
2019-08-02,2.2175851674848284
2019-08-03,2.4224356086010213
2019-08-04,0.6646101095729336
2019-08-05,2.3429803556898845
2019-08-06,1.6918474902683212
2019-08-07,1.9378619334910097
2019-08-08,2.4665778116787354
2019-08-09,3.007079356667043
2019-08-10,4.560490380683132
2019-08-11,0.4604262556624121
2019-08-12,2.574012177358257
2019-08-13,2.2767051948901
2019-08-14,2.154685498917282
2019-08-15,1.9937315892906846
2019-08-16,3.66566980005496
2019-08-17,3.5675412606452928
2019-08-18,1.1315421466787767
2019-08-19,3.4377706084524675
2019-08-20,2.124676485319527
2019-08-21,1.5701551461153538
2019-08-22,2.7197104406614008
2019-08-23,2.196310438229728
2019-08-24,3.4213002567935
2019-08-25,1.4953553119330236
2019-08-26,1.7510536054569872
2019-08-27,2.1048781216263626
2019-08-28,4.195708852087919
2019-08-29,2.1646203797817267
2019-08-30,3.4485629872656087
2019-08-31,5.4018464260273165
2019-09-01,0.7026109740679315
2019-09-02,2.8557786631847155
2019-09-03,0.6807245398916927
2019-09-04,2.185307665734004
2019-09-05,2.60793506639487
2019-09-06,4.22975930482195
2019-09-07,4.46006862605768
2019-09-08,1.2212208624128336
2019-09-09,2.366800162116943
2019-09-10,3.109690303917694
2019-09-11,2.9172939070383452
2019-09-12,3.62954290390873
2019-09-13,4.827117633124552
2019-09-14,4.923133261840001
2019-09-15,2.1004073314542864
2019-09-16,2.3943934363290724
2019-09-17,1.1257023930182586
2019-09-18,3.381968932615908
2019-09-19,1.4419854338384932
2019-09-20,3.4384450671016107
2019-09-21,3.897927710652656
2019-09-22,0.5608486837516556
2019-09-23,3.2556536043708313
2019-09-24,2.2445229855356263
2019-09-25,3.0525073910917437
2019-09-26,2.3039991783716873
2019-09-27,2.779286943017283
2019-09-28,4.4254947500263135
2019-09-29,1.2159005863108663
2019-09-30,2.661661902701145
2019-10-01,1.2051882475270705
2019-10-02,1.53414662792083
2019-10-03,2.0401876093140743
2019-10-04,3.2905654147495493
2019-10-05,4.0682410920573595
2019-10-06,0.7851232322820436
2019-10-07,1.6965813452063296
2019-10-08,1.9249472228120732
2019-10-09,1.4262045096628766
2019-10-10,2.641413168403896
2019-10-11,3.7140839176316387
2019-10-12,5.420488358745731
2019-10-13,1.310497011251635
2019-10-14,2.7948805900557248
2019-10-15,3.38020935115933
2019-10-16,3.4343917940010957
2019-10-17,3.0478918416285623
2019-10-18,3.880296131583146
2019-10-19,4.356941677982335
2019-10-20,0.7513877608759771
2019-10-21,4.079119257373225
2019-10-22,0.972086262642876
2019-10-23,0.9931692881617646
2019-10-24,2.5312964092541983
2019-10-25,4.559538377678688
2019-10-26,5.634149602722719
2019-10-27,0.4706585996461131
2019-10-28,4.109361362825093
2019-10-29,1.6352736117689135
2019-10-30,1.1131930676194262
2019-10-31,1.7151746849606866
2019-11-01,1.1579814643562218
2019-11-02,4.822860482815277
2019-11-03,1.0814405686931678
2019-11-04,2.521421052903521
2019-11-05,1.0136484083161488
2019-11-06,2.4134515673605543
2019-11-07,2.1831562055987046
2019-11-08,4.247883407691578
2019-11-09,6.336750048807813
2019-11-10,1.4408049301158081
2019-11-11,1.975127767195791
2019-11-12,2.170314686485195
2019-11-13,2.0086825400470807
2019-11-14,2.8836026263923658
2019-11-15,4.030372196097935
2019-11-16,4.873207459769026
2019-11-17,0.685061814288391
2019-11-18,2.4349885806207014
2019-11-19,2.1966100282387244
2019-11-20,2.1494573710976463
2019-11-21,1.5128741572920517
2019-11-22,3.0903968525876864
2019-11-23,5.899245867958199
2019-11-24,0.43102188845373585
2019-11-25,3.402623657501347
2019-11-26,2.2169033241169975
2019-11-27,2.4615401899158202
2019-11-28,2.1469809027381555
2019-11-29,2.677956066373913
2019-11-30,6.395015577263037
2019-12-01,0.2727947316087697
2019-12-02,5.316901749887977
2019-12-03,1.3908206015749696
2019-12-04,1.9166215331373302
2019-12-05,0.22729625745634546
2019-12-06,2.979578037954995
2019-12-07,5.862898122142183
2019-12-08,1.355270275578552
2019-12-09,2.0883055129509875
2019-12-10,1.534052091965255
2019-12-11,3.219416941157979
2019-12-12,1.9855646880406788
2019-12-13,3.616123090733854
2019-12-14,5.155785777692893
2019-12-15,0.9374681362730545
2019-12-16,1.8129413391637983
2019-12-17,2.42196448304633
2019-12-18,2.669380315788171
2019-12-19,3.340452194887203
2019-12-20,2.778140811955005
2019-12-21,3.5809681073828155
2019-12-22,0.3659502108442966
2019-12-23,2.6274066813721104
2019-12-24,0.9691277145845475
2019-12-25,1.829650889344099
2019-12-26,1.9227816179003823
2019-12-27,2.7154174452716604
2019-12-28,2.958518641152308
2019-12-29,0.8557891424550749
2019-12-30,1.694089636884035
2019-12-31,1.2781836265779682
2020-01-01,1.1413898839989576
2020-01-02,1.6668084225554454
2020-01-03,1.6040121767639706
2020-01-04,2.030012615455703
2020-01-05,1.1190923040386924
2020-01-06,2.013535319612106
2020-01-07,1.9122992159815881
2020-01-08,1.1838089402925673
2020-01-09,2.010219385203279
2020-01-10,2.7242360203596183
2020-01-11,2.2959087057848793
2020-01-12,0.3649636323819694
2020-01-13,1.814372342688396
2020-01-14,1.2297589974703
2020-01-15,2.1340204971163783
2020-01-16,1.649827947831808
2020-01-17,3.2835487159253693
2020-01-18,2.459374069659122
2020-01-19,0.6275205300537392
2020-01-20,2.331014376704696
2020-01-21,0.7722710763708781
2020-01-22,0.8632868710589887
2020-01-23,0.6410043168502705
2020-01-24,2.258262776647777
2020-01-25,2.542530269528726
2020-01-26,0.7836123695287013
2020-01-27,3.9640798515212317
2020-01-28,1.5473191090282652
2020-01-29,2.1852654561585148
2020-01-30,1.414781656203534
2020-01-31,1.8595352589873908
2020-02-01,2.4077142011853576
2020-02-02,1.2159345673507578
2020-02-03,1.5090366909685835
2020-02-04,1.8482532832845218
2020-02-05,1.0281466097089744
2020-02-06,0.9069602726089883
2020-02-07,1.95866136194187
2020-02-08,4.491625153287363
2020-02-09,0.6563468309991675
2020-02-10,2.847083994213173
2020-02-11,1.2880157167930373
2020-02-12,1.127766832850205
2020-02-13,1.560234468776727
2020-02-14,1.2419370899492224
2020-02-15,3.7164416896813814
2020-02-16,1.0983191779590384
2020-02-17,3.915956873724395
2020-02-18,0.5971745505977354
2020-02-19,3.025189168041931
2020-02-20,1.8931747514741688
2020-02-21,2.412660897438898
2020-02-22,2.9434700408028682
2020-02-23,0.5157964372022936
2020-02-24,2.300269737701214
2020-02-25,0.40641227397790597
2020-02-26,3.126421730185018
2020-02-27,0.8630680617361
2020-02-28,3.3327134532010096
2020-02-29,2.8884572261064996
2020-03-01,0.8110341772767216
2020-03-02,1.9466783546342579
2020-03-03,2.5164519571562827
2020-03-04,1.534344225401564
2020-03-05,3.0661188740147196
2020-03-06,0.6314465646625136
2020-03-07,3.7602675377859414
2020-03-08,0.9034685948734442
2020-03-09,1.4862891262311348
2020-03-10,0.9134120564320168
2020-03-11,1.6750086945454956
2020-03-12,1.9445673848214169
2020-03-13,1.647610797181184
2020-03-14,2.698536199401699
2020-03-15,1.0332115489780263
2020-03-16,1.5500372340326702
2020-03-17,0.8410357128002174
2020-03-18,2.582318896127258
2020-03-19,1.7987724116319672
2020-03-20,2.5659630341284068
2020-03-21,2.187203195033556
2020-03-22,1.5615340267260707
2020-03-23,1.2413442506677181
2020-03-24,1.1374689994659195
2020-03-25,1.996037831159545
2020-03-26,2.1757215470462916
2020-03-27,1.8814635334399201
2020-03-28,2.520831485371614
2020-03-29,1.4739665755045859
2020-03-30,2.5395332616700483
2020-03-31,2.6238318033931174
2020-04-01,0.7310201277656726
2020-04-02,2.5199373990363054
2020-04-03,1.5482406414675718
2020-04-04,2.328050592616981
2020-04-05,0.8393444555199057
2020-04-06,3.0509443049875
2020-04-07,1.3444075418335073
2020-04-08,2.057678744698598
2020-04-09,0.8159052950252326
2020-04-10,0.09908751513413741
2020-04-11,0.10718306968550066
2020-04-12,0.3088903378566386
2020-04-13,4.461558512689888
2020-04-14,2.3384524959068296
2020-04-15,1.6000388350975663
2020-04-16,2.211942638162706
2020-04-17,1.6076721054384284
2020-04-18,3.224865053537388
2020-04-19,0.5744258799255426
2020-04-20,3.692823444194134
2020-04-21,2.9395185731543076
2020-04-22,1.919940897703502
2020-04-23,1.2775991012318877
2020-04-24,2.6780503096568222
2020-04-25,2.1886048717522284
2020-04-26,0.8599137755462695
2020-04-27,2.11045071424946
2020-04-28,3.054488197481734
2020-04-29,2.6233289466245364
2020-04-30,1.9502958525548022
2020-05-01,2.455712446534887
2020-05-02,2.275455537657562
2020-05-03,0.713888823309482
2020-05-04,1.9179383081726817
2020-05-05,2.578894870975018
2020-05-06,1.971359018648168
2020-05-07,3.0076181327633003
2020-05-08,1.5591338366236687
2020-05-09,1.1126535817706948
2020-05-10,0.9397719872143889
2020-05-11,2.137331281600879
2020-05-12,0.9753402862774179
2020-05-13,2.277649986217255
2020-05-14,1.283427675540938
2020-05-15,1.4941916779039033
2020-05-16,1.9639110239849784
2020-05-17,0.19070097555276486
2020-05-18,1.6125278202157187
2020-05-19,2.563537090054664
2020-05-20,1.1651072486487348
2020-05-21,1.50930741259665
2020-05-22,3.4588651098545897
2020-05-23,2.2491378791271437
2020-05-24,0.7510559273754814
2020-05-25,1.761525457062858
2020-05-26,2.316659654346598
2020-05-27,2.72636382950264
2020-05-28,2.44010614546979
2020-05-29,1.237899060101021
2020-05-30,2.573743074498688
2020-05-31,0.9986769283155138
2020-06-01,3.5229339708984515
2020-06-02,1.5041033436854447
2020-06-03,2.1167735593678434
2020-06-04,2.1850560121597282
2020-06-05,2.4326885093628747
2020-06-06,2.5119573291791975
2020-06-07,0.6285511988371496
2020-06-08,1.8098616826802734
2020-06-09,1.7405351892506398
2020-06-10,1.5993120977330817
2020-06-11,1.3212440030281534
2020-06-12,0.6170777167029188
2020-06-13,3.2973965805702568
2020-06-14,0.6496058192908137
2020-06-15,1.7565134361740984
2020-06-16,0.7119992498927019
2020-06-17,2.3216013424611117
2020-06-18,1.6054762997802494
2020-06-19,2.6427603833908475
2020-06-20,3.303658970552502
2020-06-21,0.9847754860291621
2020-06-22,2.328248486494031
2020-06-23,1.6219325193077028
2020-06-24,1.5325663926788131
2020-06-25,1.8337117335941322
2020-06-26,2.843041147212398
2020-06-27,3.789832641561162
2020-06-28,0.5611293527876694
2020-06-29,2.321537392946806
2020-06-30,2.8883301856390404
2020-07-01,2.6542658191378243
2020-07-02,1.66159328990413
2020-07-03,2.628866879592311
2020-07-04,3.075814432211335
2020-07-05,1.0344769003543899
2020-07-06,2.9965091088067184
2020-07-07,0.959826931997424
2020-07-08,1.6818212957423664
2020-07-09,2.1132422482944415
2020-07-10,3.167582414303753
2020-07-11,4.33355161072771
2020-07-12,0.7771451376556252
